title,author,date,content,class
"Sekolah di Korea Batasi ""Smartphone"" lewat Aplikasi",Oik Yusuf,"Sabtu, 22 Maret 2014","KOMPAS.com — Dengan segala kemampuan yang dimilikinya, smartphone berguna membantu kegiatan belajar-mengajar, tetapi juga berpotensi mengalihkan konsentrasi siswa di kelas. Menyadari hal ini, menurut laporan Mashable, sejumlah sekolah di Korea Selatan bereksperimen memakai software untuk membatasi pemakaian gadget pintar tersebut ketika sedang belajar. Software bernama ""iSmartKeeper"" tersebut sedang diuji coba oleh setidaknya 11 sekolah di Seoul dan sekitarnya. Siswa diharuskan mengunduh versi mobile dari program tersebut sehingga para guru bisa mengendalikan ponsel mereka lewat desktop. Para pengajar bisa mengunci ponsel (milik siswa) di sekolah dan hanya membolehkan panggilan darurat. Bisa pula diatur agar smartphone hanya bisa menelepon, SMS, atau mematikan aplikasi tertentu. Dengan demikian, para guru bisa memblokir aplikasi yang berpotensi mengganggu kegiatan belajar-mengajar secara spesifik, misalnya layanan media sosial dan pesan instan. Sementara itu, aplikasi-aplikasi edukasi tetap bisa digunakan. ""iSmartKeeper"" menggunakan data lokasi untuk melacak para siswa dan hanya mengaktifkan pembatasan-pembatasan tersebut saat mereka berada di sekolah. Program ini didukung oleh Kantor Pendidikan Metropolitan Seoul. Rencananya, penggunaan aplikasi yang masih diuji coba itu akan diperluas ke sekolah-sekolah lain. ""Sejauh ini sudah 600 sekolah dari seluruh negeri yang tertarik menggunakan program tersebut. Sebanyak 30.000 siswa telah terdaftar di dalam sistemnya,"" ujar Profesor Han Gyu-sang dari Gongju National University of Education, yang telibat dalam pengembangan iSmartKeeper. Aplikasi yang bersangkutan juga menyediakan tool untuk orangtua yang tertarik memberlakukan batasan serupa pada smartphone anak mereka, ketika berada di rumah. Saat ini, iSmartKeeper baru tersedia untuk smartphone Android. Namun, Gyu-sang mengatakan, versi iPhone dari aplikasi itu akan segera dirilis pada bulan depan.",teknologi
Samsung Patenkan Kamera Layar Transparan,Oik Yusuf,"Minggu, 23 Maret 2014","KOMPAS.com - Pengguna kamera biasanya tak melakukan kontak mata secara langsung dengan subyek foto yang dipandang melalui jendela bidik atau layar LCD. Samsung rupanya berniat mengubah hal tersebut melalui paten kamera dengan teknologi layar transparan. Sebagaimana dilaporkan oleh BGR, kamera dengan layar transparan ini tak hanya memungkinkan pengguna kamera melihat gambar yang diambil tapi juga memandang langsung ke arah subyek foto.""Desain kamera digital ini melibatkan layar transparan sehingga pengambil gambar dan subyek foto bisa saling memandang dan menjaga kontak mata secara langsung"" jelas deskripsi dalam paten yang diresmikan di Korea Selatan tersebut. Entah layar transparan benar-benar diperlukan atau malah mempersulit pengambilan gambar. Yang jelas, kecuali layar tersebut, konsep kamera dari Samsung ini agaknya tak menawarkan kelebihan lain untuk meningkatkan kualitas foto. Dalam gambar di dokumen paten, perangkat ini terlihat tipis dan lebih mirip kamera saku dibandingkan model profesional. Kamera konsep tersebut akan turut dibekali komponen-komponen dasar seperti lensa, flash, tombol power, dan tentu saja, layar lebar yang transparan. Dimensi fisiknya sendiri tak dijabarkan sehingga ukuran asli kamera ini, apabila nanti benar-benar terwujud, belum bisa ditebak. Samsung belakangan memang terus mencoba berinovasi untuk menembus pasar kamera yang selama ini didominasi oleh perusahaan Jepang. Raksasa elektronik Korea itu telah menelurkan sejumlah model kamera, termasuk dari jenis mirrorless dan kamera yang dilengkapi sistem operasi Android.",teknologi
Oakley dan Ray-Ban Siap Rancang Google Glass,Deliusno,"Selasa, 25 Maret 2014","KOMPAS.com � Desain kacamata pintar Google Glass tampaknya akan semakin modis. Google baru saja mengumumkan kerja samanya dengan Luxottica, perusahaan induk dari berbagai produsen kacamata terkenal, seperti Ray-Ban dan Oakley. Seperti dikutip dari The Verge, Selasa (25/3/2014), nantinya Google dan Luxottica akan bekerja sama dalam merancang dan memproduksi produk eksklusif dari Google Glass Menurut laman FAQ yang disediakan oleh Google, perusahaan raksasa internet tersebut hanya akan bekerja sama dengan Luxottica untuk urusan desain Sementara itu, urusan produksi dan distribusi dari perangkat tersebut akan diserahkan sepenuhnya kepada pihak Luxottica. Untuk awalnya, perangkat hasil kerja sama tersebut baru akan dipasarkan di Amerika Serikat dan difokuskan ke merek Oakley dan Ray-Ban saja. Tidak diumumkan, apakah produk tersebut akan dijual di luar negara itu atau tidak. Kapan tepatnya perangkat ini akan hadir di pasar? Tampaknya, perangkat tersebut masih belum akan hadir dalam waktu dekat ini. ""Anda tidak akan melihat Glass di toko Oakley atau Ray-Ban besok, tetapi hari ini menandai dimulainya babak baru dalam desain Glass,"" tulis Google dalam akun Google Plus resminya. Saat ini, Google memang sedang bekerja keras untuk membuat kacamata pintarnya dapat dipakai oleh siapa saja. Beberapa waktu lalu, Google memperkenalkan desain bingkai untuk Glass agar bisa dipakai oleh pengguna yang memang memakai kacamata dalam kesehariannya. Saat ini Google hanya menyediakan empat jenis bingkai kacamata, tetapi ke depannya bisa jadi ada model lain yang diperkenalkan Google. Bingkai kacamata ini diperkenalkan Google sebagai langkah berikutnya, sebelum produk tersebut dijual secara umum kepada konsumen. Saat ini, bingkai kacamata tersebut masih tersedia terbatas pada pengguna yang mengikuti program ""Explorer"" yang dilakukan Google untuk menguji kacamata pintarnya. Namun, bingkai ini dibuat Google bukan untuk digunakan sebagai kacamata biasa. Rancangannya membuat pengguna hanya akan nyaman saat menggunakannya bersama Google Glass.",teknologi
Macbook Air Bakal Ada Versi 12 Inci,Oik Yusuf,"Rabu, 26 Maret 2014","KOMPAS.com - Sejak 2010, penampilan fisik MacBook Air boleh dibilang hampir tak mengalami perubahan. Selama bertahun-tahun, laptop ini mengusung faktor bentuk yang sama, dengan panel layar yang sama pula. Hal tersebut boleh jadi akan segera berubah, karena Apple selaku produsen MacBook Air dikabarkan sedang bersiap memperbarui lini produk laptop tipis itu. Informasi terkini yang beredar menyebutkan bahwa sebuah model baru dengan resolusi layar 12 inci bakal ditambahkan ke keluarga MacBook Air yang selama ini terdiri dari model 11,6 dan 13,3 inci. Bukan cuma itu, sebagaimana dikutip dari BGR, ketiga seri laptop MacBook Air baru tersebut kabarnya bakal dibekali layar resolusi tinggi alias Retina Display. Perubahan lain mencakup sistem pendinginan fanless dan rancangan trackpad baru yang menghilangkan tombol mekanik. Apple belakangan memang mendapat hak atas trackpad dengan sensor dan actuator yang tak memerlukan tombol fisik. Dengan begini, dimensi laptop MacBook Air yang sudah tipis bisa ""dilangsingkan"" lebih jauh. Akan halnya MacBook Air 12 inci, masih belum kapan ia akan meluncur (kalaupun benar-benar ada) dan berapa harganya. Yang jelas, ini bukan merupakan kali pertama kabar tentang MacBook Air 12 inci muncul ke permukaan.  Oktober 2013 lalu, analis KGI Securities Ming-Chi Kuo yang terkenal bisa memprediksi produk masa depan Apple dengan akurat juga pernah menyebutkan bahwa Apple berencana menambah model 12 inci ke jajaran MacBook Air.""Kami perkirakan model 12 inci yang belum pernah ada sebelumnya ini bakal menggabungkan aspek portabilitas dari model 11 inci dan produktivitas model 13 inci,"" kata Kuo ketika itu. Dia juga menyebutkan bahwa display resolusi tinggi pada MacBook Air generasi mendatang bakal tampilan layarnya sebagus MacBook Pro with Retina Display.",teknologi
Cuma 2 Versi Nokia X Masuk Indonesia,Aditya Panji,"Kamis, 27 Maret 2014","JAKARTA, KOMPAS.com - Ponsel pintar Nokia yang berbasis Android sejatinya terdiri atas tiga model, yakni Nokia X, Nokia X Plus, dan Nokia XL. Model Nokia X dipastikan masuk pasar Indonesia pada 12 April 2014. Lalu, bagaimana dengan model Nokia X Plus dan Nokia XL? Product Manager Nokia Indonesia, Wirda Haryany, enggan memberi kepastian soal kehadiran Nokia X Plus dan Nokia XL di Indonesia. ""Kami akan kasih informasi kalau ada update soal produk baru,"" katanya dalam jumpa pers di Jakarta, Kamis (27/3/2014). Namun, seorang sumber terpercaya mengatakan kepada KompasTekno, bahwa Nokia XL akan masuk pasar Indonesia. Sementara itu, model Nokia X Plus tidak masuk Indonesia. Sayangnya, sumber itu tidak memberi kepastian soal tanggal dan harga Nokia XL. Nokia XL nampaknya akan dijual lebih mahal dari Nokia X yang dibanderol Rp 1,6 juta. Karena, ada beberapa spesifikasi yang ditingkatkan pada Nokia XL. Perbedaan Nokia X dan Nokia XL Nokia XL punya kelebihan pada kapasitas RAM yang lebih besar, yaitu 768 MB, layar lebih besar seluas 5 inci, dan kapasitas baterai 2.000 mAh. Kamera belakang Nokia XL sama-sama dibekali sensor 5 MP, namun dilengkapi lampu kilat LED dan kamera depan. Sementara Nokia X hanya dibekali RAM 512 MB, baterai 1.500 mAh, dan ukuran layar 4 inci. Kamera belakang tidak dilengkapi dengan lampu kilat LED dan tidak ada kamera depan. Selebihnya, antara Nokia X dan Nokia XL punya spesifikasi yang sama. Dapur pacu ponsel itu ditopang oleh prosesor Qualcomm MSM8225 Snapdragon S4 Play jenis dual-core Cortex-A5 1 GHz, mendukung kartu SIM ganda (GSM), dan memanfaatkan basis sistem operasi Android 4.1.2 (Jelly Bean) yang telah dimodifikasi oleh Nokia. Sistem operasi itu disebut Nokia X Platform Software. Dalam mengembangkan Android, Nokia hanya memanfaatkan lisensi Android Open Source Project (AOSP) dari Google yang bisa digunakan siapa saja secara gratis karena sistem operasi ini bersifat terbuka (open source). Dengan ini, perusahaan bisa mengubah tampilan antarmuka Android di Nokia X sehingga terlihat seperti tampilan Windows Phone, yang kental dengan nuansa kotak-kotak. Sementara itu, Nokia tidak membeli lisensi layanan mobile Google yang disebut Google Mobile Service (GMS). Oleh karenanya, ponsel seri Nokia X tidak menyediakan aplikasi dan layanan Google secara default, yakni Gmail, Youtube, Google Maps, Hangouts, Play Store, hingga jejaring sosial Google+. Bahkan, sistem Nokia X tidak mendukung antarmuka pemrograman aplikasi atau application programming interface (API) buatan Google. Nokia meminta agar aplikasi-aplikasi Android yang memanfaatkan API Google dimodifikasi, dan menggunakan API buatan Nokia.",teknologi
"""Mention"" Foto di Twitter Kini Hemat Karakter",Oik Yusuf,"Kamis, 27 Maret 2014","KOMPAS.com — Apabila ingin menambahkan tag foto dalam tweet ke orang yang dituju, pengguna Twitter biasanya me-mention nama akun orang yang bersangkutan. 

Selain kurang praktis, hal ini juga menghabiskan jatah 140 karakter dalam tiap tweet, apalagi jika mention melibatkan banyak orang sekaligus, seperti dalam kasus group photo.

Kini, mention foto yang menghabiskan karakter tak perlu terjadi lagi karena Twitter telah menambahkan fitur tag foto dalam layanannya, Rabu (26/3/2014), sebagaimana dilaporkan oleh TechCrunch.

Tag foto tersebut tak akan menghabiskan jatah 140 karakter. Setiap foto yang di-tag akan muncul di tab ""interactions"" dari pengguna, seperti halnya tweet reguler yang diimbuhi mention ""username"". 

Cara memakainya mudah saja. Pengguna cukup menyeleksi gambar yang diunggah dan memilih tautan ""who's in this photo?"" yang kemudian muncul di bagian bawah. Jumlah tag dalam foto bisa mencapai 10 pengguna lain.

Twitter Fitur kolase foto di Twitter
Tak ingin di-tag sembarangan dalam sebuah gambar? Setting privasi di Twitter turut menyediakan opsi untuk mengatur siapa saja yang bisa melakukan tagging nama akun pengguna. 

Pilihan default untuk parameter ini adalah ""Allow anyone to tag me in photos"". Pengguna pun bisa mengaturnya lagi, hanya orang yang telah di-follow saja yang bisa menambah tag pengguna. Fitur tagging foto dapat pula dimatikan sepenuhnya. Jika diinginkan, tag juga bisa dihapus.

Twitter telah mulai menerapkan fasilitas tagging foto ini, dimulai dari aplikasi mobile untuk iPhone dan Android. Versi web akan menyusul kemudian.

Di samping itu, Twitter turut memperkenalkan fitur kolase foto yang dengannya pengguna bisa mengunggah hingga empat foto sekaligus dalam sebuah tweet. Keempat foto itu lantas akan disusun menjadi kolase secara otomatis.",teknologi
"Di Indonesia, Tiang Lampu Jalan Bisa Jadi BTS Mini",Aditya Panji,"Kamis, 27 Maret 2014","JAKARTA, KOMPAS.com — Perusahaan penyedia infrastruktur dan layanan telekomunikasi Ericsson menyediakan solusi telekomunikasi yang memungkinkan tiang lampu di jalan raya sebagai media untuk pemancar sinyal seluler dan internet.

Perusahaan asal Swedia itu telah memperkenalkan inovasi barunya berupa perangkat radio berukuran kecil atau semacam BTS mini yang disebut Radio Dot System (RDS). Produk ini akan dipasarkan serentak di seluruh dunia pada September 2013.

Ericsson mengatakan, pihaknya akan menawarkan produk tersebut kepada operator telekomunikasi di Indonesia. RDS dapat menjangkau hingga 600 meter. Dengan ukuran yang kecil, produk itu bisa digunakan di ruang publik dan perkantoran.

CEO Ericsson Hans Vestberg menyatakan, RDS dapat membantu operator telekomunikasi untuk memperkuat layanan di ruang publik atau perkantoran serta menekan angka belanja modal.

""RDS cocok dipasangkan di dalam ruangan atau di tiang lampu jalan untuk memberi layanan seluler dan internet yang lebih baik bagi perusahaan telekomunikasi di ruang publik,"" kata Vestberg dalam wawancara terbatas dengan sejumlah jurnalis di Jakarta, Rabu (26/3/2014).

Ericsson memandang Indonesia merupakan pasar yang sangat penting. Ini karena, di kawasan Asia Tenggara, Indonesia memberi kontribusi terbesar bagi penjualan perangkat dan layanan telekomunikasi Ericsson.

Pasar Ericsson di Asia Tenggara tumbuh sebesar 5 persen dibandingkan tahun sebelumnya. Pertumbuhan itu sejalan dengan banyaknya operator telekomunikasi di negara berkembang yang terus membangun infrastruktur, mulai dari 2G, 3G, hingga 4G LTE.

Sementara itu, di pasar Jepang dan China, penjualan Ericsson menurun 24 persen lantaran volume pembangunan infrastruktur telekomunikasi di sana cenderung menurun. Penurunan disebabkan oleh sudah matangnya pembangunan infrastruktur telekomunikasi 3G dan 4G.

Ericsson mencatat pendapatan sebesar 117,7 miliar krona Swedia, tumbuh sangat kecil dibandingkan pendapatan tahun sebelumnya sebesar 117,3 miliar krona Swedia. Perusahaan ini mengklaim telah menguasai sekitar 25 persen pangsa pasar infrastruktur dan layanan telekomunikasi di seluruh dunia.",teknologi
"Google Mulai Wajibkan ""Powered by Android""",Reska K. Nistanto,"Jumat, 28 Maret 2014","KOMPAS.com - Google memang mendominasi pasar smartphone dengan sistem operasi Android-nya. Namun selama ini konsumen justru lebih mengenal merek vendor pembuat smartphone alih-alih sistem operasinya. Karena itu, Google berencana lebih mempopulerkan merek Android di semua perangkat-perangkat pengusungnya.

Dalam hal branding dan pemasaran, persaingan di sistem operasi mobile memang sedikit berbeda dibanding PC desktop. Jika pengguna ditanya sistem operasi apa yang mereka gunakan, mereka akan menjawab, Windows atau Mac OS.

Sementara di segmen mobile, jika pengguna perangkat Apple ditanya tentang sistem operasi apa yang mereka gunakan, beberapa akan menjawab iOS, namun lebih banyak yang mengatakannya sebagai iPhone atau iPad.

Begitu juga dengan Android. Walau sistem operasi ini paling banyak digunakan, konsumen lebih sering menyebut merek yang diusung vendor alih-alih sistem operasinya. Seperti Samsung dengan Galaxy S5, atau HTC One. Hal tersebut terjadi karena menurut Google mengizinkan vendor membuat antarmuka mereka sendiri di smartphone Android-nya, seperti TouchWiz dalam Samsung, atau Sense dalam HTC.

Unutk mengatasi hal tersebut, diberitakan oleh situs Geek.com (26/3/2014), Google meminta agar para vendor smartphone mencantumkan logo ""Powered by Android"" di perangkat-perangkat robot hijau yang diproduksi mereka.

Hal itu dilakukan untuk menghilangkan kebingungan di tengah pengguna, sebab Android memiliki banyak rekanan berbeda dan antarmukanya unik di tiap merek.

Google, HTC, dan Samsung memang belum memberikan konfirmasinya atas berita tersebut. Namun permintaan Google tersebut nampaknya benar adanya, sebab jika melihat HTC One M8 atau Galaxy S5 yang baru diluncurkan, keduanya mengusung tulisan ""Powered by Android"" di layar pembuka gadget mereka.

Kemunculan logo Android di semua perangkat yang mengusung sistem operasi Google ini mengingatkan kita akan brading yang dilakukan produsen chip Intel. Semua PC dekstop atau laptop yang menggunakan prosesor buatan Intel diwajibkan dipasangi logo ""Intel Inside"" di perangkatnya.

Apa keuntungan Google memasang brand Android? Setidaknya hal tersebut bisa mengurangi kebingungan di tengah-tengah pengguna.",teknologi
"Terlambat, Office untuk iPad Tetap Bisa Laris?",Reska K. Nistanto,"Jumat, 28 Maret 2014","KOMPAS.com - Setelah ditunda beberapa kali dan dianggap sudah terlambat, Microsoft akhirnya merilis aplikasi produktivitas Microsoft Office for iPad pada Kamis (27/3/2014). Pengumuman tersebut dilakukan oleh CEO baru Microsoft, Satya Nadella.

Office for iPad memiliki tiga layanan, yaitu Word, Excel, dan PowerPoint, minus layanan Outlook. Versi gratis hanya memungkinkan pengguna melihat dokumen, sementara untuk membuat file dan mengeditnya, pengguna harus berlangganan kepada layanan Microsoft.

Dengan menerapkan sistem berlangganan dalam tablet yang paling populer tersebut, mampukah Office for iPad memberikan kesuksesan bagi Microsoft? 

Jika Office for iPad diluncurkan dua tahun lalu, Gigaom memprediksi kondisinya pasti akan berbeda. Karena semenjak iPad melakukan debutnya di tahun 2010 lalu, banyak aplikasi produktivitas yang dibuat untuk tablet ini.

Misalnya, Apple sendiri memiliki layanan iWorks yang tersedia gratis di semua perangkat baru yang dibeli setelah September 2013. Aplikasi tersebut juga semakin ditingkatkan kemampuannya untuk berjalan di iPad.

Selain itu, masih ada pula aplikasi Office 2 Pro yang belakangan berubah namanya menjadi Office 2 HD dan kini menjadi Citrix ShareFile QuickEdit. Aplikasi ini bekerja dengan Google Docs dan memiliki fungsi yang bisa menyaingin aplikasi Microsoft.

Selain itu, masih banyak pula aplikasi produktivitas di platform iOS, seperti QuickOffice HD, Dataviz Documents to Go dan sebagainya. Pasar layanan aplikasi produktivitas kian ketat saat ini.

Dari segi penyimpanan, layanan-layanan rival Microsoft di platform iOS sendiri memiliki fleksibilitas, artinya bisa menyimpan file ke berbagai layanan cloud.

Office for iPad bekerja dengan layanan cloud milik Microsoft sendiri, yaitu OneDrive, atau sebelumnya disebut SkyDrive. Sementara layanan lain memiliki lebih banyak pilihan, seperti iCloud, Dropbox, Google Drive, Box, dan sebagainya. Maukah pemilik iPad menyimpan dokumennya di server Microsoft?

Namun, situs Engadget memiliki pandangan yang berbeda. Menurutnya, Office for iPad itu bukan ditujukan bagi pengguna iPad pada umumnya, melainkan menarget konsumen Office yang kebetulan memiliki iPad.

Hingga tiba nanti saatnya Microsoft menggratiskan Office for iPad, maka aplikasi-aplikasi produktivitas lain akan terus menjadi raja di platform iOS, karena mereka bisa digunakan tanpa harus berlangganan atau membayar.

Tidak ada orang yang mau membayar agar bisa menggunakan Office di iPad, kecuali mereka yang terlanjur menggantungkan diri kepada platform buatan Microsoft ini.",teknologi
Sulit Mengatur Keuangan? Ini Penyebabnya,"Sakina Rakhma Diah ","Jumat, 28 Maret 2014","JAKARTA, KOMPAS.com - Sebagian besar orang tidak suka mengatur keuangan. Yang muncul di pikiran mereka adalah mengatur keuangan membosankan dan disiplin dalam pengaturan keuangan pribadi sangat menyebalkan. 

Terapis Ashley Rogers mengatakan, sebagian besar persepsi orang terhadap uang adalah terkait pemenuhan terhadap keamanan, kebebasan, kontrol, dan kebahagiaan. Seseorang mengaitkan uang dengan hukuman dan penghargaan (reward and punishment).

""Bila kita berpikir, 'saya akan membeli sesuatu untuk menghadiahi diri sendiri' dan kita tidak punya cukup uang, kita akan mulai panik dan berpikir kita tidak membeli apa-apa untuk diri sendiri. Kita berpikir tidak bisa menghadiahi diri sendiri. Kita merasa tidak bisa punya apa-apa,"" kata Ashley seperti dikutip dari eHow, Jumat (28/3/2014).

Untuk sebagian orang, uang adalah kebutuhan terpenting. Memiliki uang untuk pensiun berarti aman, tidak punya cukup uang untuk membayar tagihan membuat anda panik dan merasa tak aman. Memiliki gaji yang bagus dan mobil berarti sukses.

Pikiran seperti ini tidak diasosiasikan sebagai perspektif personal. Ketika membuat anggaran, banyak orang mmenempatkan uang ke hal yang menenangkan emosi mereka. Rogers mengatakan bila uang tak disalurkan ke hal yang menenangkan itu, kecemasan pun akan meningkat.

""Ada hal-hal emosional yang belum ditangani, lubang emosional yang belum diisi. Semua penganggaran anda diatur emosi dan bagaimana anda berpikir harus menjalani hidup anda,"" ujar Rogers. 

Di samping itu, bila anda ingin membuat anggaran keuangan, anda harus menghadapi semua kemungkinan yang muncul. Rogers menyarankan untuk melepaskan semua emosi yang ada. 

Sebenarnya, yang penting adalah mengatur keuangan tidak semisterius kelihatannya. Namun dalam keadaan di mana ekonomi tidak menentu, ada baiknya anda meninggalkan semua emosi yang ada dalam diri anda dan hadapilah kenyataan.",ekonomi
"NDF Tak Lagi Berlaku, Peluang Bagi Penguatan Rupiah",Sakina Rakhma Diah,"Kamis, 27 Maret 2014","JAKARTA, KOMPAS.com - Hari ini kontrak Non Deliverable Forward (NDF) sebagai acuan nilai tukar rupiah di pasar keuangan Singapura dihapus oleh Asosiasi Bank Singapura dan Komite Pasar Forex Singapura. Mereka kemudian beralih menggunakan Jakarta Interbank Spot Dollar Rate (IDR Jisdor) sebagai acuan transaksi, mulai 28 Maret 2014 esok.

Ekonom Ryan Kiryanto memandang penggunaan IDR Jisdor di Singapura akan memberi jalan bagi penguatan nilai tukar rupiah ke depan. Ini karena pasar keuangan Singapura menilai IDR Jisdor kredibel untuk dijadikan acuan.

""Rupiah berpeluang menguat dan stabil. Ini menunjukkan Jisdor sudah diakui oleh pasar keuangan Singapura karena dinilai kredibel sebagai anchor atau jangkar kurs dollar AS/rupiah,"" kata Ryan saat dihubungi Kompas.com, Kamis (27/3/2014).

Lebih lanjut Ryan menjelaskan, dengan tidak digunakannya lagi NDF di pasar keuangan Singapura, maka tidak ada lagi spekulasi. Selama ini NDF di Singapura dianggap sebagai ajang spekulasi rupiah yang menyebabkan nilai tukar rupiah bergejolak.

""Ancaman spekulasinya mereda setelah Jisdor jadi reference rate. Karena NDF tidak lagi ditransaksikan, maka berakhirlah spekulan,"" ujar dia.

Sekedar informasi, NDF adalah instrumen derivatif di pasar keuangan yang mirip dengan arena perjudian. Para pemain di NDF menebak tentang arah suatu mata uang di masa yang akan datang. Karena berdasar pada ""tebakan,"" maka tidak ada penyerahan uang kas secara langsung.",ekonomi
"Berdayakan Perempuan, Ibu-ibu Diajari Membatik",IRA RACHMAWATI,"Selasa, 25 Maret 2014","BANYUWANGI, KOMPAS.com - Reni Hayu Pratiwi (34) menghidupkan kompor kecil dan memanaskan lilin di atas wajan kecil. Di hadapannya selembar kain putih yang sudah di gambar dengan motif batik 'kangkung setingkes'. Dengan hati-hati ia menyelupkan canting di tangan kanan nya dan meniup ujungnya perlahan. 

""Biar malamnya nggak tersumbat,"" jelasnya kepada Kompas.com Selasa (25/03/2014).

Reni Hayu Pratiwi, salah satu dari 30 ibu rumah tangga yang mengikuti pelatihan pembuatan batik yang di selenggarakan Program Nasional Pemberdayaan Masyarakat Kecamatan Kalipuro.

Sambil tertawa, Reni bercerita kesulitannya saat memegang canting. ""Awalnya kayak megang sendok, ternyata beda ya. Apalagi panas dari malam cair nya juga harus diatur agar bisa tembus di bagian kain belakang. Kalau nggak ya harus di ulang,"" katanya. 

Sebelum diajari melukis di atas kain, Reni menjelaskan, di hari pertama ia dan rekan-rekannya diperkenalkan dasar-dasar membatik, bahan dan juga motif-motif batik. ""Menyenangkan sekali. Biasanya kan ibu-ibu yang kerjanya di rumah ngurusi rumah, suami dan anak. Ini di ajari buat kain batik,"" ujarnya. 

Reni mengaku akan meneruskan pelatihan ini dengan kawan-kawannya untuk membentuk kelompok usaha. ""Tapi ya sepertinya butuh waktu lama. Nanti mau belajar sendiri lagi karena sudah dapat dasarnya disini,"" katanya. 

Sementara Buhani, pemilik Batik Srikandi mengaku senang berbagi ilmu dengan ibu-ibu rumah tangga yang mau belajar batik. ""Memang susah karena untuk mengenal batik, biasanya pemula butuh waktu 3 bulan. Pelatihan ini hanya seminggu tapi kedepannya saya mempersilahkan mereka untuk melanjutkan belajar di artshop saya,"" katanya. 

Perempuan yang sudah 21 tahun menggeluti dunia batik ini mengaku perempuan bisa memilih menjadi pembatik karena bisa dikerjakan di rumah tanpa harus meninggalkan keluarga. ""Hasilnya pun lumayan untuk tambah-tambah uang belanja. Tapi kalau di kelola secara profesional juga lebih bagus lagi hasilnya,"" tuturnya. 

Bukan hanya mengajari cara membatik, Buhani juga mengenalkan beberapa motif batik Banyuwangi. ""Motif batik yang terkenal di Banyuwangi ya hanya Gajah Uling. Padahal masih banyak motif-motif lain seperti Kangkung Stingkes, Kopi Pecah dan Paras Gempal. Sebagai awal juga diajarkan bagaimana mendesain motif agar lebih kreatif dan mempunyai nilai jual yang lebih,"" jelasnya. 

Sementara itu Sulistyaning Dyah Sinta Dewi, Ketua Unit Pengelola Kegatan program nasional pemberdayaan masyarakat Kecamatan Kalipuro Kabupaten Banyuwangi kepada Kompas.com menjelaskan, pelatihan membatik sengaja di pilih karena batik menjadi salah satu potensi yang dimiliki Kabupaten Banyuwangi. 

""Bukan hanya wisata alam dan kuliner. Batik merupakan potensi yang perlu dikembangkan. Apalagi kecamatan Kalipuro berada di jalur utara jika melintas menuju Bali,"" jelasnya. 

Pelatihan pembuatan batik ini, ibu-ibu rumah tangga di beri alat-alat batik dan juga dua lembar kain putih. ""Satu lembar nanti akan di pakai sendiri sedangkan satu nya lagi nanti akan dipamerkan,"" katanya.

Kedepannya, nanti akan di bentuk kelompok kerja di setiap desa sehingga mereka akan menularkan ke ibu-ibu di sekitarnya. 

""Ada delapan desa yang ikut yaitu Desa Bulusari, Desa Telemung, Desa Kelir, Desa Pesucen, Kelurahan Klatak, Kelurahan Bulusan dan Kelurahan Ketapang. Nanti mereka akan membentuk sentra pembuatan batik di desanya sehingga sisi lain potensi Banyuwangi juga bisa diketahui. Selain itu hal ini juga bisa untuk memberdayakan perempuan terutama yang ada di desa,"" pungkasnya.",ekonomi
BRI Tertarik Caplok Bank Mutiara dan Perusahaan Asuransi,Sugiyarto,"Senin, 24 Maret 2014","JAKARTA, KOMPAS.com - PT Bank Rakyat Indonesia Tbk tertarik untuk membeli Bank Mutiara. Rencana pembelian Bank Mutiara tersebut akan dipakai untuk menggejot bisnis anorganik.

Meski mengaku tertarik, namun Direktur Utama BRI Sofyan Basir mengaku tidak tergesa-gesa. Pihaknya akan hati-hati dan melihat harga penawaran nantinya. ""Kalau harganya bagus dan menarik, kenapa tidak?"" ujar Sofyan saat ditemui di Gedung BRI, Jakarta, Senin (24/3/2014).

Tidak hanya Bank Mutiara yang dilirik BRI. Saat ini perseroan juga sudah menimbang-nimbang membeli  perusahaan sektor keuangan lainnya seperti perusahaan asuransi.

Menurut Sofyan, BRI telah menyiapkan dana Rp 3 triliun untuk merealisasikan rencana akuisisi perusahaan keungan tersebut. Hanya saja sampai sekarang Sofyan belum menyebut nama. Diharapkan proses pengambilalihan sektor keuangan tersebut bakal selesai di tahun ini.

""Belum tahu. Mau perusahaan asuransi juga bisa. Non organik mudah-mudahan kita laksanakan tahun ini,"" katanya.

Di tempat yang sama, Direktur Keuangan BRI Ahmad Baiquni menyebutkan, ada sebuah perusahaan asuransi yang siap diakuisisi. Saat ini dalam tahap due diligence. Perseroan belum mau menyebut secara transparan perusahaan apa yang bakal diakuisisi.

""Kita siapkan Rp 3 triliun untuk dua perusahaan, asuransi jiwa dan sekuritas akan kami akusisi, sekarang masih tahap due diligence jadi nantilah penyampaian kriterianya,"" kata Baiquni.",ekonomi
Sonia Eryka Desain Sendiri Kostum untuk Klip Videonya,,"Jumat, 28 Maret 2014","JAKARTA, KOMPAS.com -- Meski usianya baru 20 tahun, sosok Sonia Eryka punya seabrek predikat. Beberapa tahun lalu dia tampil di sinetron, menjadi model, dan blogger yang dinobatkan sebagai salah satu dari 20 fashion blogger terbaik internasional versi Company Magazine Inggris. 

Dia juga menjadi konsultan fashion untuk Singapore Tourism Board serta diundang untuk menjadi penulis pekan mode di New York dan juri pada kompetisi Top Glam Blog Asia.

Kini, Sonia menjadi penyanyi dan meluncurkan singel ""Dalam Sepi"".

""Sejak kecil saya suka menyanyi dan ingin menjadi penyanyi. Sebelum ini saya sering mengunggah video saya menyanyi dengan iringan gitar akustik ke Youtube,"" kata Sonia di Jakarta, Kamis (27/3/2014).

Untuk pembuatan videoklip singel tersebut, Sonia mendapat dukungan dari Singapore Tourism Board sehingga pengambilan gambarnya pun di Singapura. Selama lima hari, Sonia berkeliling negeri mungil itu, menyambangi tempat-tempat yang sesuai dengan lagunya yang, antara lain, mengungkapkan kegalauan hatinya.

""Ada enam kostum untuk videoklip itu. Salah satunya gaun pesta warna merah yang saya desain sendiri, tetapi Mama yang menjahit. Bahkan, ketika kami berangkat ke Singapura, gaun itu belum selesai. Mama menjahit baju itu di kamar hotel,"" ujar Sonia yang juga pengusaha kafe ini.",hiburan
Gwyneth Paltrow-Chris Martin Pisah dan Akan Cerai,,"Rabu, 26 Maret 2014","LOS ANGELES, KOMPAS.com — Bintang Hollywood Gwyneth Paltrow dan vokalis band Inggris Coldplay, Chris Martin, akan bercerai setelah menikah selama lebih dari sepuluh tahun. Paltrow (41) dan Martin (37) mengumumkan perpisahan mereka dalam blog Paltrow dengan tulisan bertajuk ""Conscious Uncoupling"". 

""Dengan kesedihan hati, kami memutuskan untuk berpisah,"" tulis mereka berdua.

Pasangan yang menikah pada Desember 2003 ini punya dua anak, Apple, yang berusia sembilan tahun, dan Moses, yang berumur tujuh tahun.

Juru bicara Martin mengonfirmasi perpisahan tersebut, seperti dilaporkan Associated Press.

Masa-masa sulit
Dalam situs milik Paltrow, goop.com, mereka mengatakan, ""Telah sampai pada kesimpulan, walau kami sangat mencintai satu sama lain, kami akan tetap berpisah.""

Pasangan ini mengatakan, mereka, ""berusaha keras untuk akur dalam setahun terakhir, untuk melihat pilihan yang mungkin bagi kami berdua"".

Kata mereka pula, ""Kami bagaimanapun akan selalu menjadi keluarga, dan dalam banyak hal menjadi lebih dekat dari sebelumnya.""

Pasangan ini pindah ke Los Angeles, California, AS, tahun lalu, setelah sebelumnya tinggal di London. Pada November 2013, Paltrow sempat berbicara tentang rencana untuk memindahkan lagi keluarganya ke Inggris.

Paltrow pernah meraih piala Oscar untuk kategori Aktris Terbaik pada 1998 berkat aktingnya dalam film Shakespeare in Love. Yang terkini, ia berperan dalam film Iron Man 3.

Martin bersama Coldplay akan merilis album keenam tahun ini. Ia juga akan ikut menjadi mentor dalam kontes nyanyi di layar kaca, The Voice, di AS.",hiburan
"Film ""Noah"" Tidak Lolos Sensor di Indonesia",Ichsan Suhendra,"Senin, 24 Maret 2014","JAKARTA, KOMPAS.com — Ketua Lembaga Sensor Film Dr Mukhlis Paeni menegaskan, lembaganya tidak meloloskan film Noah untuk tayang di bioskop di Indonesia. Keputusan tersebut telah resmi dikeluarkan sejak Jumat (21/3/2014). 

""Kami (LSF) tidak melarang, hanya tidak memberikan tanda lolos sensor. Keputusan itu sudah diresmikan sejak Jumat,"" kata Mukhlis kepada Kompas.com melalui telepon, Senin (24/3/2014).

Film yang dibintangi Rusell Crowe itu dinilai tidak sesuai dengan kisah yang termaktub dalam kitab suci Al Quran dan Alkitab. LSF mencegah kemungkinan protes yang terjadi jika film tersebut jadi ditayangkan.

""Kontennya tidak sesuai dengan kisah yang ada di Al Quran, di Alkitab juga tidak sesuai,"" lanjut Mukhlis. 

Film Noah juga mendapat penolakan dari lembaga sensor di Qatar, Bahrain, dan Uni Emirat Arab. Hal itu menjadi salah satu pertimbangan.

""Tidak mendapat respons baik hampir di semua negara Islam. Kita sebagai negara mayoritas menganggap kalau diputar memancing keributan,"" ujarnya.",hiburan
SWIF Jual Mini Album untuk Kemanusiaan,Irfan Maullana,"Sabtu, 22 Maret 2014","JAKARTA, KOMPAS.com - Duo SWIF yang terdiri dari vokalis Sigit Wardana ""Base Jam"" dan gitaris Idea Fasha ""Marvel"", sengaja menyisihkan 30 persen hasil penjualan mini album Nafas Cinta untuk anak-anak yatim dan kurang mampu.

""Hasil penjualan album ini kami donasikan 30 persen untuk anak yatim dan yang kurang mampu,"" kata Arini Hayu, produser album mini Nafas Cinta, saat jumpa pers di fX Plaza lantai 3, Jakarta Selatan, Sabtu (22/3/2014).

Sigit dan Idea mengaku sangat tertarik bisa terlibat dalam proyek musik untuk kemanusiaan ini. ""Kalau kami berdua sempat beberapa kali bikin project ya. Akhirnya pas pada saat ada konsep dari Mbak Arini untu bikin album, ya sudah kenapa enggak,"" kata Sigit. 

""Pas pertama kali ketemu Mbak Arini, ngobrol-ngobrol, ya sudah besoknya mulai dikerjain pas Januari 2014 itu,"" timpal Idea. 

Mereka mendapat tantangan cukup sulit karena Sigit dan Idea harus menggodok materi album di luar kebiasaan mereka berdua di band masing-masing. 

""Ini tantangannya, lagunya sudah ada dari Mbak Arini, sudah jadi, bahkan ada yang sudah jadi aransemennya. Kami kurang cocok buat kebutuhan kami, jadi harus direvisi,"" kata Sigit. 

""Tanpa mengubah esensinya, aransemen dan lirik disesuaikan,"" tambah Idea mengenai mini album yang menjagokan ""Nafas Cinta"" sebagai single utamanya.",hiburan
Rivalitas Berlanjut di Arena Premier League,Aloysius Gonsaga AE,"Sabtu, 22 Maret 2014","KOMPAS.com — Siapa musuh abadi dalam sepak bola domestik Inggris seusai Sir Alex Ferguson mengundurkan diri? Siapa lagi kalau bukan ""duel mulut"" antara Arsene Wenger dan Jose Mourinho. The Special One atau yang lebih suka disebut sebagai The Happy One sekarang ini bahkan sudah memulai perang urat syaraf dengan menyebut Arsene Wenger sebagai ""The Failure One"", menyusul ketidakmampuan The Professor untuk memenangi gelar sejak 2004/05.

Mourinho-lah yang menghentikan hegemoni Arsenal di sepak bola Inggris ketika mantan pelatih FC Porto ini datang ke Stamford Bridge musim panas 2004 lalu. Dua gelar Premier League, dua gelar Piala Liga dan satu trofi Piala FA dan satu Community Shield adalah persembahan Mou bagi Stamford Bridge. Dan, ketika si mulut besar ini merapat ke Italia dan Spanyol dengan terus memberikan 5 gelar bagi Inter Milan dan 3 gelar bagi Real Madrid, Arsene Wenger di Inggris tetap dengan sepak bola indah, tetapi tangan hampa.

Jadi sebenarnya tanpa mengesampingkan kekurangajarannya, pendapat Mourinho tentang Wenger adalah fakta tak terbantahkan. Fakta yang harus dibantah oleh Le Preffeseur di minggu ke-31 BPL 2013/14 ini ketika kedua tim kembali melanjutkan rivalitas mereka di Stamford Bridge.

Kemenangan penting Arsenal atas Tottenham Hotspur minggu lalu menyusul kekalahan Chelsea di Villla Park membuka persaingan baru juara BPL musim ini. Jadi pemenang laga awal BPL minggu ini di Stamford Bridge punya peluang untuk terus bersaing dengan Manchester City dan Liverpool.

Satu hal yang harus dipatahkan oleh Wenger adalah rekor tidak terkalahkan Mourinho di Stamford Bridge. Artinya Wenger belum pernah menaklukkan Chelsea di bawah Mourinho pada saat laga dimainkan di kandang The Blues, walaupun Wenger pernah merasakan nikmatnya mengalahkan Chelsea saat ditangani oleh Claudio Ranieri, Guus Hiddink, dan Andre Villas-Boas. Jadi jika kemenangan sampai terulang pada Sabtu ini, peluang Arsenal untuk kembali menjadi juara seperti musim 2003/04 lebih terbuka.

Namun, fakta membuktikan bahwa pencapaian Arsenal menghadapi tim-tim di jajaran sembilan besar BPL musim ini pada saat tandang adalah minim. Hanya dua kemenangan yang diraih, dan tidak satu pun diperoleh saat menghadapi tim-tim di 4 besar.

Chelsea 50 – 50 Arsenal

MANCHESTER CITY vs FULHAM

RIVALITAS berlanjut Chelsea versus Arsenal bisa dimanfaatkan oleh anak asuhan Manuel Pellegrini saat menjamu Fulham minggu ini di Ettihad. Rekor impresif kandang Manchester City dengan gelontoran 4 gol ditambah menghadapi Fulham dengan pertahanan terburuk di kompetisi membuat peluang The Citizen untuk meraup tiga angka sangat besar.

Satu kendala yang harus dipatahkan oleh Yaya Toure dkk adalah minimnya gol akhir-akhir ini yang bisa dihasilkan. Hanya tiga gol dalam empat laga terakhir BPL, adalah gambaran melemahnya lini depan sepeninggal Sergio Aguero yang membuat mereka tersingkir di Piala FA dan Liga Champions.

Kini berhadapan dengan barisan belakang terlemah yang dikoordinasi oleh Fernando Amorebieta dan Brede Hangeland, akan merupakan kejutan terbesar jika anak asuhan Felix Magath ini bisa menahan imbang tuan rumah.

Peluang terbaik mereka adalah berharap penjaga gawang David Stockdale bermain gemilang seperti saat menutup semua peluang Newcastle United minggu lalu dan tentunya juga berharap kunjungan kedua mereka ke Manchester musim ini segemilang saat kunjungan pertama mereka bulan lalu ke satdion saingan sekota The Citizen.

Manchester City 60 – 40 Fulham

CARDIFF CITY  vs  LIVERPOOL

SATU kandidat juara lainnya, The Reds Liverpool, minggu ini punya peluang untuk tetap ada di urutan kedua saat tandang ke Cardiff City Stadium menghadapi anak asuhan Ole Gunnar Solskajer yang saat jadi pemain sering mengecewakan Liverpudlian.

Minggu lalu juara Championship musim lalu ini harus kalah dari sentuhan menit akhir Seamus Coleman di Goodison Park. Hasil yang membuat klub milik Vincent Tan ini makin sulit keluar dari jeratan zona degradasi.

Apalagi lawan yang mereka hadapi musim ini punya duet di depan yang telah menghasilkan 43 gol bagi The Reds. Wajar jika semua prediksi mengarah pada kemenangan anak asuhan Brendan Rodgers ini.  

Yang harus diwaspadai oleh Steve Gerrad dkk adalah kurang konsentrasinya lini belakang mereka terutama terhadap lawan yang ""ngotot"" seperti yang ditunjukkan oleh Hull City, Swansea City, dan Aston Villa terhadap gawang Simon Mignolet. Jika konsentrasi Martin Skrtel dkk terjaga peluang nilai penuh akan jadi milik The Reds.

Cardiff City 45 - 55 Liverpool",olahraga
Legenda MU Tak Sabar Lihat Rooney Pecahkan Rekor Gol,Aloysius Gonsaga AE,"Selasa, 25 Maret 2014","LONDON, Kompas.com - Legenda Manchester United, Bobby Charlton, tak sabar menunggu Wayne Rooney memecahkan rekor golnya. Dia berharap striker tim nasional Inggris tersebut segera melakukannya bersama Setan Merah.

Dua gol Rooney ke gawang West Ham United, Sabtu (22/3/2014), membuat dia menorehkan total 212 gol bagi The Red Devils. Dengan demikian, Rooney saat ini menempati posisi ketiga daftar top scorer sepanjang masa di Old Trafford, di belakang Charlton (249) dan Danis Law (237).

""Saya sudah katakan sebelumnya bahwa tak masalah dengan Wayne Rooney memecahkan rekor golku di sini dan untuk Inggris,"" ujar Charlton menjelang derbi Manchester antara MU dan Manchester City, Selasa (25/3).

""Tidak sama sekali. Sesungguhnya, saya mengatakan kepada dia agar melakukannya secepat mungkin! Dia striker hebat dan pemain yang hebat. Saya sudah mengatakan kepadanya bahwa saya berharap saya akan menjadi orang yang memberikan dia penghargaan, sehingga dia harus yakin bisa melakukannya!""

Di level timnas, Rooney memiliki peluang untuk menyamakan rekor gol Charlton, yang mencetak 49 gol. Saat ini, Rooney telah mengemas 38 gol, sehingga jalan untuk menuju ke sana (menyamai bahkan melewati) terbuka lebar.",olahraga
Timnas U-19 Intip Kekuatan Lawan Lewat Video,Aloysius Gonsaga AE,"Jumat, 28 Maret 2014","JAKARTA, KOMPAS.com — Manajemen Timnas Indonesia U-19 akan menggunakan rekaman video pertandingan untuk mengintip kekuatan calon lawan. Ini menjadi salah satu langkah agar Garuda Jaya bisa melihat potensi lawan yang akan dihadapi dalam putaran final Piala AFC 2014 pada Oktober mendatang.

Sekretaris Badan Tim Nasional (BTN) Sefdin Syaifudin mengatakan, video rekaman pertandingan dari 15 negara calon lawan itu sudah di tangan dan tinggal dikaji. ""Semuanya sudah ada. Kami meminta bantuan AFC untuk mendapatkan rekaman pertandingan itu,"" ujar Sefdin di kantor PSSI Senayan, Jakarta, Jumat (28/3/2014).

Demi mendukung persiapan timnas untuk turun di Piala AFC, BTN telah menyiapkan program jangka pendek maupun jangka panjang. Program yang baru saja selesai dilakukan adalah tur Nusantara 1. Ada 13 pertandingan yang dijalani anak asuh Indra Sjafri ini.

Setelah itu, Evan Dimas dan kawan-kawan mendapatkan kesempatan uji coba ke Timur Tengah, 5-21 April. Ada empat pertandingan yang dijalani, di antaranya melawan Timnas Oman dan Uni Emirat Arab U-19.

Timnas Garuda Jaya juga dijadwalkan menjalani tur Eropa. Selain itu, akan turun di turnamen mini di Jakarta dan Vietnam serta kembali menjalani tur Nusantara II.

""Dengan rekaman minimal, kami bisa mengetahui gambaran kekuatan lawan. Setelah itu kami pelajari untuk menyiapkan strategi,"" katanya menambahkan.",olahraga
